dow30,naftrac,nasdaq,russell2000,sp500
16368.269531,41.218311,4334.970215,1119.76001,1909.569946
16553.929688,41.171616,4370.899902,1131.349976,1931.589966
16569.980469,41.732018,4401.330078,1141.930054,1936.920044
16560.539063,41.769382,4389.25,1133.030029,1933.75
16651.800781,41.769382,4434.129883,1141.780029,1946.719971
16713.580078,41.816078,4453,1143.339966,1955.180054
16662.910156,41.666649,4464.930176,1141.650024,1955.060059
16838.740234,41.88147,4508.310059,1158.400024,1971.73999
16919.589844,42.00288,4527.509766,1162.469971,1981.599976
16979.130859,42.236385,4526.47998,1157.51001,1986.51001
17039.490234,42.395172,4532.100098,1160.030029,1992.369995
17001.220703,42.348473,4538.549805,1160.339966,1988.400024
17076.869141,42.469894,4557.350098,1165.219971,1997.920044
17106.699219,42.441883,4570.640137,1175.170044,2000.02002
17122.009766,42.581982,4569.620117,1172.709961,2000.119995
17079.570313,42.469894,4557.700195,1165.949951,1996.73999
17098.449219,42.628685,4580.27002,1174.349976,2003.369995
17067.560547,42.815483,4598.189941,1179.469971,2002.280029
17078.279297,42.992954,4572.560059,1172.199951,2000.719971
17069.580078,43.245129,4562.290039,1167.209961,1997.650024
17137.359375,43.207771,4582.899902,1170.130005,2007.709961
17111.419922,43.319862,4592.290039,1172.310059,2001.540039
17013.869141,42.880867,4552.290039,1158.5,1988.439941
17068.710938,42.852844,4586.52002,1164.98999,1995.689941
17049,42.638027,4591.810059,1172.339966,1997.449951
16987.509766,42.78746,4567.600098,1160.609985,1985.540039
17031.140625,42.852844,4518.899902,1146.52002,1984.130005
17156.849609,43.01162,4562.189941,1153.890015,2001.569946
17265.990234,43.142391,4593.430176,1159.27002,2011.359985
17279.740234,42.731422,4579.790039,1146.920044,2010.400024
17172.679688,42.292439,4527.689941,1129.359985,1994.290039
17055.869141,42.030907,4508.689941,1118.719971,1982.77002
17210.060547,42.171005,4555.220215,1128.310059,1998.300049
16945.800781,41.80674,4466.75,1110.23999,1965.98999
17113.150391,41.937511,4512.189941,1119.329956,1982.849976
17071.220703,41.937511,4505.850098,1117.910034,1977.800049
17042.900391,41.984196,4493.390137,1101.680054,1972.290039
16804.710938,41.479836,4422.089844,1085.410034,1946.160034
16801.050781,41.330395,4430.200195,1096.380005,1946.170044
17009.689453,41.713345,4475.620117,1104.73999,1967.900024
16991.910156,41.862778,4454.799805,1094.650024,1964.819946
16719.390625,41.601265,4385.200195,1076.310059,1935.099976
16994.220703,41.601265,4468.589844,1097.119995,1968.890015
16659.25,41.199635,4378.339844,1067.98999,1928.209961
16544.099609,40.545807,4276.240234,1053.319946,1906.130005
16321.070313,40.284298,4213.660156,1049.300049,1874.73999
16315.19043,40.33099,4227.169922,1061.599976,1877.699951
16141.740234,40.181553,4215.319824,1072.449951,1862.48999
16117.240234,40.106823,4217.390137,1086.109985,1862.76001
16380.410156,40.443073,4258.439941,1082.329956,1886.76001
16399.669922,40.377697,4316.069824,1094.969971,1904.01001
16614.810547,40.732613,4419.47998,1112.849976,1941.280029
16461.320313,40.592522,4382.850098,1096.869995,1927.109985
16677.900391,40.816681,4452.790039,1116.48999,1950.819946
16805.410156,40.788662,4483.720215,1118.819946,1964.579956
16817.939453,40.900738,4485.930176,1117.47998,1961.630005
17005.75,41.162262,4564.290039,1149.449951,1985.050049
16974.310547,41.32106,4549.22998,1146.369995,1982.300049
17195.419922,41.657291,4566.140137,1155.77002,1994.650024
17390.519531,42.030907,4630.740234,1173.51001,2018.050049
17366.240234,42.197136,4638.910156,1170.199951,2017.810059
17383.839844,41.954197,4623.640137,1165.420044,2012.099976
17484.529297,42.150414,4620.720215,1167.069946,2023.569946
17554.470703,41.907475,4638.470215,1171.859985,2031.209961
17573.929688,41.692577,4632.529785,1173.319946,2031.920044
17613.740234,41.599129,4651.620117,1179.569946,2038.26001
17614.900391,41.393562,4660.560059,1179.959961,2039.680054
17612.199219,40.870304,4675.140137,1186.469971,2038.25
17652.789063,40.860947,4680.140137,1175.420044,2039.329956
17634.740234,40.543266,4688.540039,1173.810059,2039.819946
17687.820313,40.618019,4702.439941,1170.280029,2051.800049
17685.730469,41.225365,4675.709961,1157.689941,2048.719971
17719,41.281429,4701.870117,1170.75,2052.75
17810.060547,41.7206,4712.970215,1172.420044,2063.5
17817.900391,41.692577,4754.890137,1186.939941,2069.409912
17814.939453,41.533714,4758.25,1186.329956,2067.030029
17827.75,41.767315,4787.319824,1190.619995,2072.830078
17828.240234,41.309456,4791.629883,1173.22998,2067.560059
17776.800781,40.552608,4727.350098,1154.050049,2053.439941
17879.550781,40.206879,4755.810059,1168.449951,2066.550049
17912.619141,40.272289,4774.470215,1179.01001,2074.330078
17900.099609,40.010658,4769.439941,1173.01001,2071.919922
17958.789063,40.375061,4780.759766,1182.430054,2075.370117
17852.480469,40.113453,4740.689941,1167.209961,2060.310059
17801.199219,39.552811,4766.470215,1188.060059,2059.820068
17533.150391,38.618412,4684.02002,1161.859985,2026.140015
17596.339844,38.982841,4708.160156,1166.959961,2035.329956
17180.839844,37.646652,4605.160156,1140.300049,1989.630005
17068.869141,37.553215,4547.830078,1139.369995,1972.73999
17356.869141,38.291378,4644.310059,1174.839966,2012.890015
17778.150391,39.692963,4748.399902,1192.160034,2061.22998
17804.800781,39.758381,4765.379883,1195.959961,2070.649902
17959.439453,40.029343,4781.419922,1201.859985,2078.540039
18024.169922,40.309662,4765.419922,1202.439941,2082.169922
18030.210938,40.216228,4773.470215,1206.780029,2081.879883
18053.710938,40.150822,4806.859863,1215.209961,2088.77002
18038.230469,40.3377,4806.910156,1219.109985,2090.570068
17983.070313,40.431145,4777.439941,1213.050049,2080.350098
17823.070313,40.272289,4736.049805,1204.699951,2058.899902
17832.990234,39.32856,4726.810059,1198.800049,2058.199951
17501.650391,38.356785,4652.569824,1181.349976,2020.579956
17371.640625,38.599735,4592.740234,1161.310059,2002.609985
17584.519531,39.066921,4650.470215,1175.969971,2025.900024
17907.869141,39.627567,4736.189941,1196.130005,2062.139893
17737.369141,39.599518,4704.069824,1185.680054,2044.810059
17640.839844,39.085621,4664.709961,1180.089966,2028.26001
17613.679688,38.777267,4661.5,1180.640015,2023.030029
17427.089844,38.282043,4639.319824,1177.060059,2011.27002
17320.710938,38.328762,4570.819824,1154.709961,1992.670044
17511.570313,38.674492,4634.379883,1176.650024,2019.420044
17515.230469,39.001518,4654.850098,1170.25,2022.550049
17554.279297,39.711666,4667.419922,1166.25,2032.119995
17813.980469,40.300331,4750.399902,1190.369995,2063.149902
17672.599609,39.842464,4757.879883,1188.930054,2051.820068
17678.699219,39.926567,4771.759766,1200.73999,2057.090088
17387.210938,39.851807,4681.5,1194.660034,2029.550049
17191.369141,39.421982,4637.990234,1175.119995,2002.160034
17416.849609,39.104305,4683.410156,1190.180054,2021.25
17164.949219,38.235306,4635.240234,1165.390015,1994.98999
17666.400391,38.80529,4727.740234,1196.98999,2050.030029
17673.019531,38.945461,4716.700195,1191.439941,2041.51001
17884.880859,39.65559,4765.100098,1208.709961,2062.52002
17824.289063,39.898525,4744.399902,1205.459961,2055.469971
17729.210938,39.991966,4726.009766,1195.829956,2046.73999
17868.759766,39.833118,4787.640137,1203.180054,2068.590088
17862.140625,39.16037,4801.180176,1201.550049,2068.530029
17972.380859,40.178856,4857.609863,1216.27002,2088.47998
18019.349609,40.272289,4893.839844,1223.130005,2096.98999
18047.580078,40.459171,4899.27002,1225.01001,2100.340088
18029.849609,40.262939,4906.359863,1227.949951,2099.679932
17985.769531,40.449837,4924.700195,1227.910034,2097.449951
18140.439453,40.739475,4955.970215,1231.790039,2110.300049
18116.839844,40.84227,4960.970215,1231.829956,2109.659912
18209.189453,41.066097,4968.120117,1233.97998,2115.47998
18224.570313,40.963299,4967.140137,1235.099976,2113.860107
18214.419922,41.486671,4987.890137,1239.109985,2110.73999
18132.699219,41.299759,4963.529785,1233.369995,2104.5
18288.630859,41.066097,5008.100098,1242.619995,2117.389893
18203.369141,40.757698,4979.899902,1234.76001,2107.780029
18096.900391,40.449268,4967.140137,1230.72998,2098.530029
18135.720703,40.645535,4982.810059,1234.310059,2101.040039
17856.779297,40.4119,4927.370117,1217.52002,2071.26001
17995.720703,40.430573,4942.439941,1223.589966,2079.429932
17662.939453,40.196926,4859.790039,1208.469971,2044.160034
17635.390625,40.40255,4849.939941,1215.780029,2040.23999
17895.220703,41.178265,4893.290039,1236.640015,2065.949951
17749.310547,41.131519,4871.759766,1232.140015,2053.399902
17849.080078,40.925907,4937.430176,1242.22998,2074.280029
18076.189453,41.477333,4982.830078,1252.140015,2099.5
17959.029297,41.262375,4992.379883,1254.859985,2089.27002
18127.650391,41.140869,5026.419922,1266.369995,2108.100098
18116.039063,41.075451,5010.970215,1264.709961,2104.419922
18011.140625,41.178265,4994.72998,1263.459961,2091.5
17718.539063,40.738987,4876.52002,1233.849976,2061.050049
17678.230469,40.431778,4863.359863,1231.98999,2056.149902
17712.660156,40.78693,4891.220215,1240.410034,2061.02002
17976.310547,41.057976,4947.439941,1257.800049,2086.23999
17776.119141,40.852367,4900.879883,1252.77002,2067.889893
17698.179688,41.300987,4880.22998,1251.709961,2059.689941
17880.849609,41.955219,4917.319824,1260.540039,2080.620117
17875.419922,42.095409,4910.22998,1253.359985,2076.330078
17902.509766,42.076717,4950.819824,1262.709961,2081.899902
17958.730469,42.03933,4974.560059,1259.109985,2091.179932
18057.650391,41.973907,4995.97998,1264.77002,2102.060059
17977.039063,42.076717,4988.25,1265.589966,2092.429932
18036.699219,42.086071,4977.290039,1265.349976,2095.840088
18112.609375,42.319721,5011.02002,1275.349976,2106.629883
18105.769531,42.515987,5007.790039,1272.900024,2104.98999
17826.300781,42.086071,4931.810059,1251.859985,2081.179932
18034.929688,42.151482,4994.600098,1264.920044,2100.399902
17949.589844,42.366459,5014.100098,1264.150024,2097.290039
18038.269531,42.329063,5035.169922,1265.47998,2107.959961
18058.689453,42.553364,5056.060059,1271.540039,2112.929932
18080.140625,42.917881,5092.080078,1267.540039,2117.689941
18037.970703,42.544029,5060.25,1252.699951,2108.919922
18110.140625,42.403828,5055.419922,1259.359985,2114.76001
18035.529297,42.076717,5023.640137,1246.949951,2106.850098
17840.519531,41.712212,4941.419922,1220.130005,2085.51001
18070.400391,42.375786,5016.930176,1233.219971,2114.48999
17928.199219,42.226254,4939.330078,1215.420044,2089.459961
17841.980469,42.020645,4919.640137,1219.359985,2080.149902
17924.060547,41.936535,4945.540039,1225.540039,2088
18191.109375,42.272987,5003.549805,1234.930054,2116.100098
18105.169922,42.347759,4993.569824,1235.829956,2105.330078
18068.230469,42.123459,4976.189941,1233.130005,2099.120117
18060.490234,42.226254,4981.689941,1232.280029,2098.47998
18252.240234,42.450562,5050.799805,1245.109985,2121.100098
18272.560547,42.497299,5048.290039,1243.949951,2122.72998
18298.880859,42.562721,5078.439941,1257.52002,2129.199951
18312.390625,42.469269,5070.029785,1255.660034,2127.830078
18285.400391,42.441227,5071.740234,1257.73999,2125.850098
18285.740234,42.291679,5090.790039,1256.73999,2130.820068
18232.019531,42.048698,5089.359863,1252.219971,2126.060059
18041.539063,41.534637,5032.75,1238.76001,2104.199951
18162.990234,41.786987,5106.589844,1254.359985,2123.47998
18126.119141,41.927166,5097.97998,1253.099976,2120.790039
18010.679688,41.833721,5070.029785,1246.530029,2107.389893
18040.369141,41.880436,5082.930176,1249.619995,2111.72998
18011.939453,42.011292,5076.52002,1251.800049,2109.600098
18076.269531,41.843052,5099.22998,1264.579956,2114.070068
17905.580078,41.68417,5059.120117,1251.290039,2095.840088
17849.460938,41.68417,5068.459961,1261.01001,2092.830078
17766.550781,41.665489,5021.629883,1253.699951,2079.280029
17764.039063,41.646797,5013.870117,1249.660034,2080.149902
18000.400391,41.68417,5076.689941,1266.930054,2105.199951
18039.369141,41.730911,5082.509766,1268.920044,2108.860107
17898.839844,41.796337,5051.100098,1265.02002,2094.110107
17791.169922,41.534637,5029.970215,1261.040039,2084.429932
17904.480469,41.824375,5055.549805,1269.530029,2096.290039
17935.740234,41.899147,5064.879883,1268.329956,2100.439941
18115.839844,42.226254,5132.950195,1284.680054,2121.23999
18015.949219,42.095409,5117,1284.660034,2109.98999
18119.779297,42.338409,5153.970215,1292.390015,2122.850098
18144.070313,42.544029,5160.089844,1295.800049,2124.199951
17966.070313,42.487953,5122.410156,1283.920044,2108.580078
17890.359375,42.462994,5112.189941,1283.280029,2102.310059
17946.679688,42.62196,5080.509766,1279.800049,2101.48999
17596.349609,41.789722,4958.470215,1246.75,2057.639893
17619.509766,42.117001,4986.870117,1253.949951,2063.110107
17757.910156,42.042202,5013.120117,1256.400024,2077.419922
17730.109375,42.266624,5009.209961,1248.26001,2076.780029
17683.580078,41.892586,4991.939941,1246.959961,2068.76001
17776.910156,42.107655,4997.459961,1248.050049,2081.340088
17515.419922,41.630753,4909.759766,1228.959961,2046.680054
17548.619141,41.677505,4922.399902,1234.150024,2051.310059
17760.410156,42.023491,4997.700195,1252.02002,2076.620117
17977.679688,42.079594,5071.509766,1265.349976,2099.600098
18053.580078,42.266624,5104.890137,1273.329956,2108.949951
18050.169922,42.24791,5098.939941,1264.52002,2107.399902
18120.25,42.481689,5163.180176,1272.829956,2124.290039
18086.449219,42.453636,5210.140137,1267.089966,2126.639893
18100.410156,42.678066,5218.859863,1260.219971,2128.280029
17919.289063,42.519096,5208.120117,1254.569946,2119.209961
17851.039063,41.827118,5171.77002,1258.349976,2114.149902
17731.919922,42.004795,5146.410156,1244.969971,2102.149902
17568.529297,41.453091,5088.629883,1225.98999,2079.649902
17440.589844,40.938774,5039.779785,1214.609985,2067.639893
17630.269531,41.428452,5089.209961,1224.599976,2093.25
17751.390625,41.643837,5111.72998,1229.599976,2108.570068
17745.980469,41.56892,5128.779785,1232.069946,2108.629883
17689.859375,41.906052,5128.279785,1238.680054,2103.840088
17598.199219,42.065239,5115.379883,1231.790039,2098.040039
17550.689453,42.336811,5105.549805,1228.849976,2093.320068
17540.470703,42.112057,5139.939941,1231.75,2099.840088
17419.75,42.112057,5056.439941,1215.849976,2083.560059
17373.380859,42.046513,5043.540039,1206.900024,2077.570068
17615.169922,42.486633,5101.799805,1222.670044,2104.179932
17402.839844,41.625103,5036.790039,1211.140015,2084.070068
17402.509766,41.306721,5044.390137,1208.97998,2086.050049
17408.25,41.119423,5033.560059,1204.73999,2083.389893
17477.400391,40.997688,5048.240234,1212.689941,2091.540039
17545.179688,41.21307,5091.700195,1225.089966,2102.439941
17511.339844,41.12878,5059.350098,1214.890015,2096.919922
17348.730469,40.726124,5019.049805,1202.97998,2079.610107
16990.689453,40.370277,4877.490234,1172.52002,2035.72998
16459.75,39.611748,4706.040039,1156.790039,1970.890015
15871.349609,38.946873,4526.25,1111.689941,1893.209961
15666.44043,39.386997,4506.490234,1104.099976,1867.609985
16285.509766,39.719547,4697.540039,1132.189941,1940.51001
16654.769531,40.770226,4812.709961,1153.609985,1987.660034
16643.009766,40.620125,4828.319824,1162.910034,1988.869995
16528.029297,40.910946,4776.509766,1159.449951,1972.180054
16058.349609,40.263645,4636.100098,1128.050049,1913.849976
16351.379883,40.329311,4749.97998,1146.030029,1948.859985
16374.759766,40.620125,4733.5,1145.150024,1951.130005
16102.379883,40.132305,4683.919922,1136.170044,1921.219971
16492.679688,40.441891,4811.930176,1161.76001,1969.410034
16253.570313,40.122929,4756.529785,1148.22998,1942.040039
16330.400391,40.244888,4796.25,1153.030029,1952.290039
16433.089844,40.15107,4822.339844,1157.790039,1961.050049
16370.959961,40.16045,4805.759766,1153.5,1953.030029
16599.849609,40.582588,4860.52002,1166,1978.089966
16674.740234,41.061035,4893.950195,1180.689941,1990.199951
16384.580078,40.845261,4827.22998,1163.349976,1958.030029
16510.189453,40.920322,4828.950195,1161.089966,1966.969971
16330.469727,40.685799,4756.720215,1143.030029,1942.73999
16279.889648,40.507545,4752.740234,1140.050049,1938.76001
16201.320313,40.076031,4734.47998,1137.540039,1932.23999
16314.669922,39.92411,4686.5,1122.790039,1931.339966
16001.889648,39.453743,4543.970215,1090.569946,1881.77002
16049.129883,39.641888,4517.319824,1083.910034,1884.089966
16284.700195,40.093445,4620.160156,1100.689941,1920.030029
16272.009766,40.168694,4627.080078,1097.550049,1923.819946
16472.369141,40.215729,4707.779785,1114.119995,1951.359985
16776.429688,40.98711,4781.259766,1141.640015,1987.050049
16790.189453,40.977722,4748.359863,1133.689941,1979.920044
16912.289063,41.241112,4791.149902,1152.599976,1995.829956
17050.75,41.485703,4810.790039,1163.23999,2013.430054
17084.490234,41.749111,4830.470215,1165.359985,2014.890015
17131.859375,41.683262,4838.640137,1164.400024,2017.459961
17081.890625,41.692665,4796.609863,1147.839966,2003.689941
16924.75,41.476295,4782.850098,1136.969971,1994.23999
17141.75,41.476295,4870.100098,1162.77002,2023.859985
17215.970703,41.730297,4886.689941,1162.310059,2033.109985
17230.539063,41.880806,4905.470215,1164.300049,2033.660034
17217.109375,42.003101,4880.970215,1163.27002,2030.77002
17168.609375,41.796139,4840.120117,1144.949951,2018.939941
17489.160156,41.993687,4920.049805,1154.52002,2052.51001
17646.699219,42.332348,5031.859863,1166.060059,2075.149902
17623.050781,42.379383,5034.700195,1159.5,2071.179932
17581.429688,42.04073,5030.149902,1145.290039,2065.889893
17779.519531,42.115978,5095.689941,1178.719971,2090.350098
17755.800781,42.003101,5074.27002,1165.630005,2089.409912
17663.539063,41.974888,5053.75,1161.859985,2079.360107
17918.150391,42.727444,5145.129883,1191.579956,2109.790039
17867.580078,42.765079,5142.47998,1190.380005,2102.310059
17863.429688,42.595753,5127.740234,1190.689941,2099.929932
17910.330078,42.623978,5147.120117,1199.75,2099.199951
17730.480469,41.909035,5095.299805,1184.430054,2078.580078
17758.210938,41.871395,5083.240234,1187.699951,2081.719971
17702.220703,41.862,5067.02002,1178.069946,2075
17448.070313,41.617409,5005.080078,1154.810059,2045.969971
17245.240234,41.165859,4927.879883,1146.550049,2023.040039
17489.5,41.702072,4986.02002,1153.209961,2050.439941
17737.160156,41.98428,5075.200195,1171.75,2083.580078
17732.75,42.144211,5073.640137,1166.72998,2081.23999
17823.810547,42.407616,5104.919922,1175.150024,2089.169922
17792.679688,42.294724,5102.47998,1180.359985,2086.590088
17812.189453,42.097176,5102.810059,1188.810059,2089.139893
17813.390625,41.673306,5116.140137,1198.02002,2088.870117
17813.390625,41.739376,5127.52002,1202.380005,2090.110107
17719.919922,41.069195,5108.669922,1198.109985,2080.409912
17888.349609,41.541142,5156.310059,1204.160034,2102.629883
17729.679688,41.003128,5123.220215,1191.689941,2079.51001
17477.669922,40.644447,5037.529785,1170.569946,2049.620117
17847.630859,40.606686,5142.27002,1183.400024,2091.689941
17730.509766,40.314075,5101.810059,1164.300049,2077.070068
17568,39.927078,5098.240234,1159.400024,2063.590088
17492.300781,40.068649,5022.870117,1145.869995,2047.619995
17574.75,40.106415,5045.169922,1149.02002,2052.22998
17265.210938,39.672234,4933.470215,1123.609985,2012.369995
17368.5,39.59671,4952.22998,1115.859985,2021.939941
17524.910156,40.559498,4995.359863,1131.550049,2043.410034
17749.089844,41.012558,5071.129883,1148.969971,2073.070068
17495.839844,41.125824,5002.549805,1135.359985,2041.890015
17128.550781,40.597244,4923.080078,1121.02002,2005.550049
17251.619141,40.757702,4968.919922,1127.73999,2021.150024
17417.269531,40.92762,5001.109863,1137.689941,2038.969971
17602.609375,41.163589,5045.930176,1152.819946,2064.290039
17552.169922,41.088078,5048.490234,1154.76001,2060.98999
17528.269531,40.981342,5040.990234,1148.209961,2056.5
17720.980469,40.971889,5107.939941,1160.52002,2078.360107
17603.869141,40.603539,5065.850098,1149.640015,2063.360107
17425.029297,40.660213,5007.410156,1135.890015,2043.939941
17148.939453,39.79129,4903.089844,1108.619995,2012.660034
17158.660156,39.734619,4891.430176,1110.439941,2016.709961
16906.509766,39.375717,4835.759766,1094.369995,1990.26001
16514.099609,38.383995,4689.430176,1064.569946,1943.089966
16346.450195,38.015652,4643.629883,1046.199951,1922.030029
16398.570313,38.487892,4637.990234,1041.900024,1923.670044
16516.220703,38.724014,4685.919922,1044.699951,1938.680054
16151.410156,38.761799,4526.060059,1010.190002,1890.280029
16379.049805,39.054588,4615,1025.670044,1921.839966
15988.080078,38.648445,4488.419922,1007.719971,1880.329956
16016.019531,38.525673,4476.950195,994.869995,1881.329956
15766.740234,38.572899,4471.689941,999.309998,1859.329956
15882.679688,38.582352,4472.060059,997.340027,1868.98999
16093.509766,39.31905,4591.180176,1020.659973,1906.900024
15885.219727,39.167919,4518.490234,997.369995,1877.079956
16167.230469,39.583496,4567.669922,1017.969971,1903.630005
15944.459961,39.772404,4468.169922,1002.75,1882.949951
16069.639648,40.036861,4506.680176,1003.27002,1893.359985
16466.300781,41.17968,4613.950195,1035.380005,1940.23999
16153.540039,40.716888,4516.950195,1008.840027,1903.030029
16336.660156,40.858555,4504.240234,1010.299988,1912.530029
16416.580078,41.302464,4509.560059,1014.789978,1915.449951
16204.969727,40.820778,4363.140137,985.619995,1880.050049
16027.049805,40.405197,4283.75,969.340027,1853.439941
16014.379883,40.074635,4268.759766,963.900024,1852.209961
15914.740234,40.216297,4283.589844,963.47998,1851.859985
15660.179688,40.008511,4266.839844,953.719971,1829.079956
15973.839844,40.084068,4337.509766,971.98999,1864.780029
16196.410156,40.707436,4435.959961,995.799988,1895.579956
16453.830078,41.198574,4534.060059,1011.130005,1926.819946
16413.429688,41.151337,4487.540039,1004.710022,1917.829956
16391.990234,40.971889,4504.430176,1010.01001,1917.780029
16620.660156,41.141911,4570.609863,1021.73999,1945.5
16431.779297,40.839668,4503.580078,1012.150024,1921.27002
16484.990234,40.811329,4542.609863,1022.080017,1929.800049
16697.289063,41.056908,4582.200195,1031.579956,1951.699951
16639.970703,41.075798,4590.470215,1037.180054,1948.050049
16516.5,41.311909,4557.950195,1033.900024,1932.22998
16865.080078,41.803028,4689.600098,1054.48999,1978.349976
16899.320313,42.190285,4703.419922,1065.670044,1986.449951
16943.900391,42.313061,4707.419922,1076.050049,1993.400024
17006.769531,42.426411,4717.02002,1081.930054,1999.98999
17073.949219,42.51141,4708.25,1094.150024,2001.76001
16964.099609,42.086388,4648.819824,1067.880005,1979.26001
17000.359375,42.058056,4674.379883,1072.77002,1989.26001
16995.130859,41.935272,4662.160156,1063.98999,1989.569946
17213.310547,42.331947,4748.470215,1087.560059,2022.189941
17229.130859,42.256416,4750.279785,1084.25,2019.640015
17251.529297,41.840824,4728.669922,1066.670044,2015.930054
17325.759766,42.32251,4763.970215,1074.51001,2027.219971
17481.490234,42.983646,4774.990234,1091.25,2040.589966
17602.300781,43.002541,4795.649902,1101.670044,2049.580078
17582.570313,43.144211,4821.660156,1097.339966,2049.800049
17502.589844,43.125332,4768.859863,1075.699951,2036.709961
17535.390625,43.087536,4766.790039,1080.22998,2037.050049
17633.109375,43.342564,4846.620117,1109.079956,2055.01001
17716.660156,43.644798,4869.290039,1110.439941,2063.949951
17685.089844,43.342564,4869.850098,1114.030029,2059.73999
17792.75,43.503124,4914.540039,1117.680054,2072.780029
17737,43.163109,4891.799805,1108.540039,2066.129883
17603.320313,42.700302,4843.930176,1095.849976,2045.170044
17716.050781,42.813637,4920.720215,1108.810059,2066.659912
17541.960938,42.558624,4848.370117,1092.790039,2041.910034
17576.960938,42.398075,4850.689941,1097.310059,2047.599976
17556.410156,42.284729,4833.399902,1094.339966,2041.98999
17721.25,42.605854,4872.089844,1105.709961,2061.719971
17908.279297,42.9081,4947.419922,1129.930054,2082.419922
17926.429688,42.9081,4945.890137,1128.589966,2082.780029
17897.460938,43.021431,4938.220215,1130.920044,2080.72998
18004.160156,42.558624,4960.02002,1139.280029,2094.340088
18053.599609,43.257553,4940.330078,1140.22998,2100.800049
18096.269531,43.134773,4948.129883,1142.290039,2102.399902
17982.519531,43.106441,4945.890137,1135.77002,2091.47998
18003.75,43.182007,4906.22998,1146.689941,2091.580078
17977.240234,43.115883,4895.790039,1138.099976,2087.790039
17990.320313,42.993103,4888.279785,1150.72998,2091.699951
18041.550781,43.484238,4863.140137,1154.150024,2095.149902
17830.759766,43.106441,4805.290039,1140.400024,2075.810059
17773.640625,43.361446,4775.359863,1130.849976,2065.300049
17891.160156,43.342564,4817.589844,1140.920044,2081.429932
17750.910156,43.276443,4763.220215,1121.76001,2063.370117
17651.259766,42.974209,4725.640137,1113.130005,2051.120117
17660.710938,42.79475,4717.089844,1107.949951,2050.629883
17740.630859,42.860867,4736.160156,1114.719971,2057.139893
17705.910156,42.917538,4750.209961,1118.25,2058.689941
17928.349609,43.333111,4809.879883,1128.829956,2084.389893
17711.119141,43.17255,4760.689941,1114.73999,2064.459961
17720.5,43.323677,4737.330078,1108.599976,2064.110107
17535.320313,43.096996,4717.680176,1102.439941,2046.609985
17710.710938,43.465347,4775.459961,1116.209961,2066.659912
17529.980469,43.522015,4715.72998,1097.680054,2047.209961
17526.619141,43.191444,4739.120117,1102.949951,2047.630005
17435.400391,42.7192,4712.529785,1094.780029,2040.040039
17500.939453,42.832539,4769.560059,1112.280029,2052.320068
17492.929688,42.917538,4765.779785,1111.369995,2048.040039
17706.050781,43.210339,4861.060059,1135.310059,2076.060059
17851.509766,43.370895,4894.890137,1141.02002,2090.540039
17828.289063,43.707882,4901.77002,1139.75,2090.100098
17873.220703,43.783741,4933.5,1150.449951,2099.060059
17787.199219,43.138889,4948.049805,1154.790039,2096.949951
17789.669922,43.243183,4952.25,1163.040039,2099.330078
17838.560547,43.214756,4971.359863,1170.579956,2105.26001
17807.060547,43.584595,4942.52002,1164.130005,2099.129883
17920.330078,43.584595,4968.709961,1176.869995,2109.409912
17938.279297,43.745815,4961.75,1179.969971,2112.129883
18005.050781,43.878574,4974.640137,1188.949951,2119.120117
17985.189453,43.423386,4958.620117,1181.199951,2115.47998
17865.339844,42.92078,4894.549805,1163.930054,2096.070068
17732.480469,42.67421,4848.439941,1150.699951,2079.060059
17674.820313,42.313862,4843.549805,1147.819946,2075.320068
17640.169922,42.731102,4834.930176,1149.300049,2071.5
17733.099609,42.939739,4844.919922,1148.189941,2077.98999
17675.160156,43.015606,4800.339844,1144.699951,2071.219971
17804.869141,43.432865,4837.209961,1157.699951,2083.25
17829.730469,43.347504,4843.759766,1153.869995,2088.899902
17780.830078,43.480286,4833.319824,1148.969971,2085.449951
18011.070313,43.850124,4910.040039,1172.219971,2113.320068
17400.75,42.636288,4707.97998,1127.540039,2037.410034
17140.240234,42.098438,4594.439941,1089.650024,2000.540039
17409.720703,42.440166,4691.870117,1107.300049,2036.089966
17694.679688,43.123608,4779.25,1131.619995,2070.77002
17929.990234,43.531784,4842.669922,1151.920044,2098.860107
17949.369141,43.816547,4862.569824,1156.77002,2102.949951
17840.619141,43.408371,4822.899902,1139.449951,2088.550049
17918.619141,42.886288,4859.160156,1147.329956,2099.72998
17895.880859,43.000214,4876.810059,1149.76001,2097.899902
18146.740234,43.313461,4956.759766,1177.359985,2129.899902
18226.929688,43.731117,4988.640137,1190.030029,2137.159912
18347.669922,43.968418,5022.819824,1205.890015,2152.139893
18372.119141,43.816547,5005.72998,1201.160034,2152.429932
18506.410156,44.006397,5034.060059,1202.170044,2163.75
18516.550781,44.253193,5029.589844,1205.310059,2161.73999
18533.050781,44.471504,5055.779785,1207.910034,2166.889893
18559.009766,44.528477,5036.370117,1200.449951,2163.780029
18595.029297,45.060043,5089.930176,1209.73999,2173.02002
18517.230469,44.841724,5073.899902,1203.859985,2165.169922
18570.849609,45.060043,5100.160156,1212.890015,2175.030029
18493.060547,44.604412,5097.629883,1209.819946,2168.47998
18473.75,44.480747,5110.049805,1216.859985,2169.179932
18472.169922,44.309593,5139.810059,1218.930054,2166.580078
18456.349609,44.395176,5154.97998,1217.329956,2170.060059
18432.240234,44.233521,5162.129883,1219.939941,2173.600098
18404.509766,44.290581,5184.200195,1219.119995,2170.840088
18313.769531,44.119423,5137.72998,1202.349976,2157.030029
18355,44.37616,5159.740234,1212.72998,2163.790039
18352.050781,44.385658,5166.25,1213.76001,2164.25
18543.529297,44.775517,5221.120117,1231.300049,2182.870117
18529.289063,44.880108,5213.140137,1230.420044,2180.889893
18533.050781,45.155853,5225.47998,1231.73999,2181.73999
18495.660156,45.298485,5204.580078,1223.27002,2175.48999
18613.519531,45.792927,5228.399902,1229.119995,2185.790039
18576.470703,45.926041,5232.890137,1229.819946,2184.050049
18636.050781,46.211296,5262.02002,1241.859985,2190.149902
18552.019531,45.916538,5227.109863,1231.130005,2178.149902
18573.939453,45.878498,5228.660156,1227.680054,2182.219971
18597.699219,46.021126,5240.149902,1236.849976,2187.02002
18552.570313,45.926041,5238.379883,1236.77002,2183.870117
18529.419922,45.926041,5244.600098,1239.73999,2182.639893
18547.300781,45.307991,5260.080078,1248.579956,2186.899902
18481.480469,45.431591,5217.689941,1237.25,2175.439941
18448.410156,45.412582,5212.200195,1240,2172.469971
18395.400391,45.117821,5218.919922,1238.030029,2169.040039
18502.990234,45.317493,5232.330078,1244.939941,2180.379883
18454.300781,45.384056,5222.990234,1246.030029,2176.120117
18400.880859,45.384056,5213.220215,1239.910034,2170.949951
18419.300781,45.260441,5227.209961,1239.800049,2170.860107
18491.960938,45.469635,5249.899902,1251.829956,2179.97998
18538.119141,45.279453,5275.910156,1253.369995,2186.47998
18526.140625,45.089291,5283.930176,1261.01001,2186.159912
18479.910156,45.117821,5259.47998,1258.359985,2181.300049
18085.449219,44.233521,5125.910156,1219.209961,2127.810059
18325.070313,44.433208,5211.890137,1235.869995,2159.040039
18066.75,43.91024,5155.25,1212.319946,2127.02002
18034.769531,43.548916,5173.77002,1211.589966,2125.77002
18212.480469,43.682026,5249.689941,1227.02002,2147.26001
18120.169922,43.653507,5235.029785,1232.530029,2139.120117
18129.960938,44.071873,5241.350098,1228.329956,2139.76001
18293.699219,44.651897,5295.180176,1245.040039,2163.120117
18392.460938,45.621769,5339.52002,1263.439941,2177.179932
18261.449219,45.403072,5305.75,1254.619995,2164.689941
18094.830078,44.956165,5257.490234,1240.939941,2146.100098
18228.300781,45.403809,5305.709961,1246.380005,2159.929932
18339.240234,45.699135,5318.549805,1255.670044,2171.370117
18143.449219,45.346653,5269.149902,1237.75,2151.129883
18308.150391,44.975128,5312,1251.650024,2168.27002
18253.849609,45.308552,5300.870117,1245.780029,2161.199951
18168.449219,45.594357,5289.660156,1239.780029,2150.48999
18281.029297,45.813457,5316.02002,1248.369995,2159.72998
18268.5,45.613396,5306.850098,1246.23999,2160.77002
18240.490234,45.299023,5292.399902,1236.560059,2153.73999
18329.039063,45.918262,5328.669922,1250.76001,2163.659912
18128.660156,45.680088,5246.790039,1227.619995,2136.72998
18144.199219,45.594357,5239.02002,1227.22998,2139.179932
18098.939453,45.432407,5213.330078,1215.75,2132.550049
18138.380859,45.384773,5214.160156,1212.410034,2132.97998
18086.400391,45.337128,5199.819824,1210.140015,2126.5
18161.939453,45.765831,5243.839844,1217.300049,2139.600098
18202.619141,46.146893,5246.410156,1222.640015,2144.290039
18162.349609,45.937313,5241.830078,1219.790039,2141.340088
18145.710938,46.06115,5257.399902,1218.099976,2141.159912
18223.029297,46.089729,5309.830078,1226.449951,2151.330078
18169.269531,45.775349,5283.399902,1216.099976,2143.159912
18199.330078,45.496025,5250.27002,1204.75,2139.429932
18169.679688,45.781864,5215.970215,1189.949951,2133.040039
18161.189453,45.724701,5190.100098,1187.609985,2126.409912
18142.419922,45.73423,5189.140137,1191.390015,2126.149902
18037.099609,45.057739,5153.580078,1177.939941,2111.719971
17930.669922,44.46701,5058.410156,1156.890015,2088.659912
17888.279297,44.505116,5046.370117,1163.439941,2085.179932
18259.599609,45.800922,5166.169922,1192.25,2131.52002
18332.740234,46.191559,5193.490234,1195.140015,2139.560059
18589.689453,45.181606,5251.069824,1232.160034,2163.26001
18807.880859,43.180725,5208.799805,1251.609985,2167.47998
18847.660156,42.875832,5237.109863,1282.380005,2164.449951
18868.689453,43.228371,5218.399902,1298.599976,2164.199951
18923.060547,42.971111,5275.620117,1302.140015,2180.389893
18868.140625,42.913944,5294.580078,1302.199951,2176.939941
18903.820313,42.885368,5333.970215,1309.47998,2187.120117
18867.929688,42.370846,5321.509766,1315.640015,2181.899902
19023.869141,42.847248,5386.350098,1334.339966,2202.939941
19083.179688,43.161678,5380.680176,1342.089966,2204.719971
19152.140625,43.313305,5398.919922,1347.199951,2213.350098
19097.900391,43.466324,5368.810059,1329.829956,2201.719971
19121.599609,43.351555,5379.919922,1328.219971,2204.659912
19123.580078,43.370682,5323.680176,1322.339966,2198.810059
19191.929688,42.88295,5251.109863,1313.800049,2191.080078
19170.419922,42.576916,5255.649902,1314.25,2191.949951
19216.240234,42.921192,5308.890137,1337.790039,2204.709961
19251.779297,43.074211,5333,1352.670044,2212.22998
19549.619141,43.581081,5393.759766,1364.51001,2241.350098
19614.810547,44.288784,5417.359863,1386.369995,2246.189941
19756.849609,44.814785,5444.5,1388.069946,2259.530029
19911.210938,44.766956,5463.830078,1373.530029,2271.719971
19792.529297,44.164467,5436.669922,1356.02002,2253.280029
19852.240234,43.867989,5456.850098,1366.410034,2262.030029
19843.410156,43.112469,5437.160156,1364.189941,2258.070068
19883.060547,42.902073,5457.439941,1371.680054,2262.530029
19974.619141,42.949883,5483.939941,1383.959961,2270.76001
19941.960938,43.026398,5471.430176,1375.189941,2265.179932
19918.880859,43.035961,5447.419922,1362.660034,2260.959961
19933.810547,43.169853,5462.689941,1371.51001,2263.790039
19945.039063,43.313305,5487.439941,1377.709961,2268.879883
19833.679688,43.609772,5438.560059,1360.829956,2249.919922
19819.779297,43.925377,5432.089844,1363.180054,2249.26001
19762.599609,43.63847,5383.120117,1357.130005,2238.830078
19881.759766,44.10709,5429.080078,1365.48999,2257.830078
19942.160156,44.556564,5477,1387.949951,2270.75
19899.289063,44.709583,5487.939941,1371.939941,2269
19963.800781,44.068821,5521.060059,1367.280029,2276.97998
19887.380859,43.561954,5531.819824,1357.48999,2268.899902
19855.529297,43.906246,5551.819824,1370.900024,2268.899902
19954.279297,43.944508,5563.649902,1373.300049,2275.320068
19891,44.059254,5547.490234,1361.069946,2270.439941
19885.730469,44.183594,5574.120117,1372.050049,2274.639893
19826.769531,44.001877,5538.72998,1352.319946,2267.889893
19804.720703,44.336605,5555.649902,1358.560059,2271.889893
19732.400391,44.250534,5540.080078,1345.73999,2263.689941
19827.25,44.307919,5555.330078,1351.849976,2271.310059
19799.849609,45.082558,5552.939941,1347.839966,2265.199951
19912.710938,46.077168,5600.959961,1369.209961,2280.070068
20068.509766,46.16325,5656.339844,1382.439941,2298.370117
20100.910156,45.5121,5655.180176,1375.599976,2296.679932
20093.779297,45.378078,5660.779785,1370.699951,2294.689941
19971.130859,45.03344,5613.709961,1352.329956,2280.899902
19864.089844,44.966427,5614.790039,1361.819946,2278.870117
19890.939453,44.975998,5642.649902,1361.22998,2279.550049
19884.910156,45.062157,5636.200195,1357.430054,2280.850098
20071.460938,45.177036,5666.77002,1377.839966,2297.419922
20090.289063,44.698368,5674.220215,1361.060059,2293.080078
20054.339844,44.870686,5682.450195,1358.73999,2294.669922
20172.400391,45.138741,5715.180176,1378.530029,2307.870117
20269.369141,45.722733,5734.129883,1388.839966,2316.100098
20412.160156,45.569546,5763.959961,1392.380005,2328.25
20504.410156,45.349358,5782.569824,1396.650024,2337.580078
20611.859375,45.09087,5819.439941,1404.209961,2349.25
20619.769531,45.244061,5814.899902,1399.130005,2347.219971
20624.050781,45.138741,5838.580078,1399.859985,2351.159912
20743,45.540825,5865.950195,1410.339966,2365.379883
20775.599609,45.157887,5860.629883,1403.859985,2362.820068
20810.320313,45.186619,5835.509766,1394.619995,2363.810059
20821.759766,45.052582,5845.310059,1394.52002,2367.340088
20837.439453,45.320633,5861.899902,1407.969971,2369.75
20812.240234,44.861122,5825.439941,1386.680054,2363.639893
21115.550781,45.397224,5904.029785,1413.640015,2395.959961
21002.970703,45.311066,5861.220215,1395.670044,2381.919922
21005.710938,45.435516,5870.75,1394.130005,2383.120117
20954.339844,45.904625,5849.180176,1384.25,2375.310059
20924.759766,45.473808,5833.930176,1374.880005,2368.389893
20855.730469,45.569546,5837.549805,1366.040039,2362.97998
20858.189453,45.320633,5838.810059,1360.119995,2364.870117
20902.980469,45.167473,5861.72998,1365.26001,2372.600098
20881.480469,45.138741,5875.779785,1370.280029,2373.469971
20837.369141,45.138741,5856.819824,1362.380005,2365.449951
20950.099609,45.502541,5900.049805,1382.829956,2385.26001
20934.550781,46.067368,5900.759766,1386.030029,2381.379883
20914.619141,46.574764,5901,1391.52002,2378.25
20668.009766,46.574764,5793.830078,1346.550049,2344.02002
20661.300781,46.479027,5821.640137,1345.599976,2348.449951
20656.580078,46.651344,5817.689941,1353.430054,2345.959961
20596.720703,47.063007,5828.740234,1354.640015,2343.97998
20550.980469,47.366402,5840.370117,1357.319946,2341.590088
20701.5,47.289654,5875.140137,1367.26001,2358.570068
20659.320313,47.011436,5897.549805,1371.640015,2361.129883
20728.490234,46.848328,5914.339844,1382.349976,2368.060059
20663.220703,46.550903,5911.740234,1385.920044,2362.719971
20650.210938,46.848328,5894.680176,1369.670044,2358.840088
20689.240234,47.289654,5898.609863,1368.180054,2360.159912
20648.150391,47.174526,5864.47998,1352.140015,2352.949951
20662.949219,47.001842,5878.950195,1364.430054,2357.48999
20656.099609,47.308842,5877.810059,1364.560059,2355.540039
20658.019531,47.500725,5880.930176,1367.089966,2357.159912
20651.300781,47.61586,5866.77002,1376.949951,2353.780029
20591.859375,46.953865,5836.160156,1359.199951,2344.929932
20636.919922,46.992229,5856.790039,1361.180054,2349.01001
20523.279297,46.74279,5849.470215,1361.890015,2342.189941
20404.490234,46.867504,5863.029785,1367.130005,2338.169922
20578.710938,47.145741,5916.779785,1384.150024,2355.840088
20547.759766,47.107368,5910.52002,1379.849976,2348.689941
20763.890625,47.510326,5983.819824,1397.939941,2374.149902
20996.119141,47.886776,6025.490234,1411.079956,2388.610107
20975.089844,47.66605,6025.22998,1419.430054,2387.449951
20981.330078,47.56049,6048.939941,1417.130005,2388.77002
20940.509766,47.387749,6047.609863,1400.430054,2384.199951
20949.890625,47.752419,6095.370117,1399.359985,2391.169922
20957.900391,47.272587,6072.549805,1390.920044,2388.129883
20951.470703,47.186214,6075.339844,1388.849976,2389.52002
21006.939453,47.63726,6100.759766,1397,2399.290039
21012.279297,47.67564,6102.660156,1391.640015,2399.379883
20975.779297,48.088303,6120.589844,1391.859985,2396.919922
20943.109375,48.097893,6129.140137,1399.589966,2399.629883
20919.419922,47.742825,6115.959961,1390.199951,2394.439941
20896.609375,47.65646,6121.22998,1382.77002,2390.899902
20981.939453,47.867573,6149.669922,1393.920044,2402.320068
20979.75,47.66605,6169.870117,1394.680054,2400.669922
20606.929688,46.994282,6011.240234,1355.890015,2357.030029
20663.019531,46.581646,6055.129883,1361.079956,2365.719971
20804.839844,47.291782,6083.700195,1367.329956,2381.72998
20894.830078,47.167034,6133.620117,1377.140015,2394.02002
20937.910156,47.272587,6138.709961,1380.97998,2398.419922
21012.419922,47.694836,6163.02002,1382.51001,2404.389893
21082.949219,47.627659,6205.259766,1383.390015,2415.070068
21080.279297,47.90485,6210.189941,1382.23999,2415.820068
21029.470703,47.557568,6203.189941,1371.189941,2412.909912
21008.650391,47.084888,6198.52002,1370.209961,2411.800049
21144.179688,47.374294,6246.830078,1396.060059,2430.060059
21206.289063,47.586517,6305.799805,1405.390015,2439.070068
21184.039063,47.856609,6295.680176,1396.449951,2436.100098
21136.230469,47.509335,6275.060059,1394.900024,2429.330078
21173.689453,47.557568,6297.379883,1396.670044,2433.139893
21182.529297,47.383934,6321.759766,1415.609985,2433.790039
21271.970703,47.364632,6207.919922,1421.709961,2431.77002
21235.669922,47.42252,6175.459961,1419.209961,2429.389893
21328.470703,47.32605,6220.370117,1425.98999,2440.350098
21374.560547,47.596153,6194.890137,1417.569946,2437.919922
21359.900391,47.45145,6165.5,1410.079956,2432.459961
21384.279297,47.605804,6151.759766,1406.72998,2433.149902
21528.990234,47.490032,6239.009766,1418.079956,2453.459961
21467.140625,47.374294,6188.029785,1402.969971,2437.030029
21410.029297,47.287464,6233.950195,1399.25,2435.610107
21397.289063,47.335697,6236.689941,1404.540039,2434.5
21394.759766,47.297108,6265.25,1414.780029,2438.300049
21409.550781,47.615456,6247.149902,1416.640015,2439.070068
21310.660156,47.545437,6146.620117,1403.52002,2419.379883
21454.609375,47.815975,6234.410156,1425.27002,2440.689941
21287.029297,47.651714,6144.350098,1416.199951,2419.699951
21349.630859,48.318382,6140.419922,1415.359985,2423.409912
21479.269531,48.501953,6110.060059,1426.680054,2429.01001
21478.169922,48.743492,6150.859863,1420.150024,2432.540039
21320.039063,48.463299,6089.459961,1400.810059,2409.75
21414.339844,48.511604,6153.080078,1415.839966,2425.179932
21408.519531,49.033352,6176.390137,1408.469971,2427.429932
21409.070313,48.927074,6193.299805,1413.050049,2425.530029
21532.140625,49.294212,6261.169922,1424.319946,2443.25
21553.089844,49.448803,6274.439941,1425.660034,2447.830078
21637.740234,49.603386,6312.470215,1428.819946,2459.27002
21629.720703,49.80629,6314.430176,1431.599976,2459.139893
21574.730469,49.584068,6344.310059,1427.609985,2460.610107
21640.75,49.545418,6385.040039,1441.77002,2473.830078
21611.779297,49.622711,6390,1442.349976,2473.449951
21580.070313,50.009186,6387.75,1435.839966,2472.540039
21513.169922,50.12513,6410.810059,1438.050049,2469.909912
21613.429688,50.163773,6412.169922,1450.390015,2477.129883
21711.009766,50.068249,6422.75,1442.280029,2477.830078
21796.550781,49.73827,6382.189941,1433.619995,2475.419922
21830.310547,49.699451,6374.680176,1429.26001,2472.100098
21891.119141,49.534473,6348.120117,1425.140015,2470.300049
21963.919922,49.689758,6362.939941,1428.329956,2476.350098
22016.240234,49.689758,6362.649902,1412.900024,2477.570068
22026.099609,49.757683,6340.339844,1405.22998,2472.159912
22092.810547,49.796513,6351.560059,1412.319946,2476.830078
22118.419922,49.845039,6383.77002,1414.170044,2480.909912
22085.339844,49.767395,6370.459961,1410.150024,2474.919922
22048.699219,49.689758,6352.330078,1396.949951,2474.02002
21844.009766,49.3792,6216.870117,1372.540039,2438.209961
21858.320313,49.13657,6256.560059,1374.22998,2441.320068
21993.710938,49.641243,6340.22998,1394.310059,2465.840088
21998.990234,49.806213,6333.009766,1383.23999,2464.610107
22024.869141,49.631523,6345.109863,1383.530029,2468.110107
21750.730469,49.476246,6221.910156,1358.939941,2430.01001
21674.509766,49.563583,6216.529785,1357.790039,2425.550049
21703.75,49.747982,6213.129883,1356.900024,2428.370117
21899.890625,49.835323,6297.47998,1371.540039,2452.51001
21812.089844,49.777103,6278.410156,1369.73999,2444.040039
21783.400391,49.961498,6271.330078,1373.880005,2438.969971
21813.669922,49.883865,6265.640137,1377.449951,2443.050049
21808.400391,49.750816,6283.02002,1382.22998,2444.23999
21865.369141,49.809093,6301.890137,1383.680054,2446.300049
21892.429688,49.70224,6368.310059,1391.319946,2457.590088
21948.099609,49.721672,6428.660156,1405.280029,2471.649902
21987.560547,49.605114,6435.330078,1413.569946,2476.550049
21753.310547,48.847492,6375.569824,1399.660034,2457.850098
21807.640625,49.041756,6393.310059,1402.199951,2465.540039
21784.779297,48.818348,6397.870117,1398.670044,2465.100098
21797.789063,48.64352,6360.189941,1399.430054,2461.429932
22057.369141,48.905766,6432.259766,1414.829956,2488.110107
22118.859375,48.993187,6454.279785,1423.459961,2496.47998
22158.179688,48.72121,6460.189941,1426.890015,2498.370117
22203.480469,48.633797,6429.080078,1425.02002,2495.620117
22268.339844,48.468674,6448.470215,1431.709961,2500.22998
22331.349609,48.779503,6454.640137,1441.079956,2503.870117
22370.800781,48.701786,6461.319824,1440.400024,2506.649902
22412.589844,48.954342,6456.040039,1445.420044,2508.23999
22359.230469,49.051468,6422.689941,1444.180054,2500.600098
22349.589844,48.866913,6426.919922,1450.780029,2502.219971
22296.089844,48.915478,6370.589844,1451.959961,2496.659912
22284.320313,48.925198,6380.160156,1456.859985,2496.840088
22340.710938,48.680397,6453.259766,1484.810059,2507.040039
22381.199219,48.690113,6453.450195,1488.790039,2510.060059
22405.089844,48.884483,6495.959961,1490.859985,2519.360107
22557.599609,49.01083,6516.720215,1509.469971,2529.120117
22641.669922,49.146893,6531.709961,1511.969971,2534.580078
22661.640625,49.078865,6534.629883,1507.76001,2537.73999
22775.390625,49.030262,6585.359863,1512.089966,2552.070068
22773.669922,48.855328,6590.180176,1510.219971,2549.330078
22761.070313,48.631805,6579.72998,1503.560059,2544.72998
22830.679688,48.505463,6587.25,1508.01001,2550.639893
22872.890625,48.660957,6603.549805,1506.920044,2555.23999
22841.009766,48.515179,6591.509766,1505.160034,2550.929932
22871.720703,48.554054,6605.799805,1502.660034,2553.169922
22956.960938,48.272209,6624,1502.680054,2557.639893
22997.439453,48.738712,6623.660156,1497.5,2559.360107
23157.599609,48.495739,6624.220215,1505.140015,2561.26001
23163.039063,48.583218,6605.069824,1502.040039,2562.100098
23328.630859,48.534622,6629.049805,1509.25,2575.209961
23273.960938,48.107002,6586.830078,1497.48999,2564.97998
23441.759766,48.709545,6598.430176,1500.420044,2569.129883
23329.460938,47.485016,6563.890137,1493.47998,2557.149902
23400.859375,47.553043,6556.77002,1497.459961,2560.399902
23434.189453,47.77298,6701.259766,1508.319946,2581.070068
23348.740234,47.471672,6698.959961,1490.900024,2572.830078
23377.240234,47.286991,6727.669922,1502.530029,2575.26001
23435.009766,46.966236,6716.529785,1492.780029,2579.360107
23539.189453,47.218956,6764.439941,1494.910034,2587.840088
23548.419922,47.636906,6786.439941,1497.959961,2591.129883
23557.230469,47.656342,6767.779785,1479.089966,2590.639893
23563.359375,47.500824,6789.120117,1481.72998,2594.379883
23461.939453,47.442509,6750.049805,1475.02002,2584.620117
23422.210938,46.771832,6750.939941,1475.27002,2582.300049
23439.699219,46.762119,6757.600098,1475.069946,2584.840088
23409.470703,46.635761,6737.870117,1471.26001,2578.870117
23271.279297,46.441368,6706.209961,1464.089966,2564.620117
23458.359375,46.480244,6793.290039,1486.880005,2585.639893
23358.240234,46.616325,6782.790039,1492.819946,2578.850098
23590.830078,46.907921,6862.47998,1518.890015,2599.030029
23526.179688,46.927357,6867.359863,1516.76001,2597.080078
23557.990234,46.723236,6889.160156,1519.160034,2602.419922
23580.779297,46.091442,6878.52002,1513.310059,2601.419922
23836.710938,46.046715,6912.359863,1536.430054,2627.040039
23940.679688,46.456032,6824.390137,1542.300049,2626.070068
24272.349609,45.900543,6873.970215,1544.140015,2647.580078
24231.589844,46.075958,6847.589844,1537.02002,2642.219971
24290.050781,45.968754,6775.370117,1532.410034,2639.439941
24180.640625,46.270863,6762.209961,1516.76001,2629.570068
24140.910156,45.7836,6776.379883,1508.880005,2629.27002
24211.480469,45.803089,6812.839844,1520.469971,2636.97998
24329.160156,46.368317,6840.080078,1521.719971,2651.5
24386.029297,46.465775,6875.080078,1519.839966,2659.98999
24585.429688,47.040756,6875.799805,1524.449951,2662.850098
24508.660156,46.992016,6856.529785,1506.949951,2652.01001
24651.740234,46.884823,6936.580078,1530.420044,2675.810059
24792.199219,47.420811,6994.759766,1548.920044,2690.159912
24754.75,47.216156,6963.850098,1536.75,2681.469971
24726.650391,47.157688,6960.959961,1540.079956,2679.25
24782.289063,47.284382,6965.359863,1547.109985,2684.570068
24754.060547,47.225906,6959.959961,1542.930054,2683.340088
24746.210938,47.264889,6936.25,1544.22998,2680.5
24774.300781,47.451992,6939.339844,1543.939941,2682.620117
24837.509766,47.637508,6950.160156,1548.930054,2687.540039
24719.220703,48.086636,6903.390137,1535.51001,2673.610107
24824.009766,48.7701,7006.899902,1550.01001,2695.810059
24922.679688,48.54554,7065.529785,1552.579956,2713.060059
25075.130859,48.53577,7077.910156,1555.719971,2723.98999
25295.869141,48.643173,7136.560059,1560.01001,2743.149902
25283,48.7701,7157.390137,1561.810059,2747.709961
25385.800781,48.477196,7163.580078,1560.099976,2751.290039
25369.130859,47.549637,7153.569824,1559.800049,2748.22998
25574.730469,47.608212,7211.779785,1586.790039,2767.560059
25803.189453,47.901123,7261.060059,1591.969971,2786.23999
25792.859375,48.252625,7223.689941,1572.969971,2776.419922
26115.650391,48.486961,7298.279785,1586.660034,2802.560059
26017.810547,48.682232,7296.049805,1576.72998,2798.030029
26071.720703,48.477196,7336.379883,1597.630005,2810.300049
26214.599609,48.721283,7408.029785,1605.170044,2832.969971
26210.810547,49.02396,7460.290039,1610.709961,2839.129883
26252.119141,49.492622,7415.060059,1601.77002,2837.540039
26392.789063,49.482864,7411.160156,1601.670044,2839.25
26616.710938,49.785534,7505.77002,1608.060059,2872.870117
26439.480469,49.380238,7466.509766,1598.109985,2853.530029
26076.890625,49.136078,7402.47998,1582.819946,2822.429932
26149.390625,49.214199,7411.47998,1574.97998,2823.810059
26186.710938,49.311871,7385.859863,1579.869995,2821.97998
25520.960938,49.155605,7240.950195,1547.27002,2762.129883
24912.769531,48.110565,7115.879883,1507.170044,2695.139893
24893.349609,47.758976,7051.97998,1507.969971,2681.659912
23860.460938,46.684631,6777.160156,1463.790039,2581
24190.900391,46.645569,6874.490234,1477.839966,2619.550049
24601.269531,46.635811,6981.959961,1490.97998,2656
24640.449219,46.723705,7013.509766,1494.949951,2662.939941
24893.490234,47.182739,7143.620117,1522.099976,2698.629883
25200.369141,47.592941,7256.430176,1537.199951,2731.199951
25219.380859,47.68084,7239.470215,1543.550049,2732.219971
24964.75,47.485504,7234.310059,1529.98999,2716.26001
24797.779297,47.339008,7218.22998,1531.839966,2701.330078
24962.480469,47.739441,7210.089844,1529.98999,2703.959961
25309.990234,47.446442,7337.390137,1549.189941,2747.300049
25709.269531,47.299938,7421.459961,1559.329956,2779.600098
25410.029297,46.801838,7330.350098,1536.469971,2744.280029
25029.199219,46.303738,7273.009766,1512.449951,2713.830078
24608.980469,46.469772,7180.560059,1507.390015,2677.669922
24538.060547,46.420937,7257.870117,1533.170044,2691.25
24874.759766,46.596741,7330.709961,1546.050049,2720.939941
24884.119141,46.743237,7372.009766,1562.199951,2728.120117
24801.359375,46.567444,7396.649902,1574.530029,2726.800049
24895.210938,47.114376,7427.950195,1571.969971,2738.969971
25335.740234,47.407375,7560.810059,1597.140015,2786.570068
25178.609375,47.534332,7588.319824,1601.060059,2783.02002
25007.029297,47.426903,7511.009766,1592.050049,2765.310059
24758.119141,47.055767,7496.810059,1584.310059,2749.47998
24873.660156,46.723705,7481.740234,1576.619995,2747.330078
24946.509766,46.38187,7481.990234,1586.050049,2752.01001
24727.269531,45.991207,7364.299805,1570.410034,2716.939941
24682.310547,46.43071,7345.290039,1579.300049,2711.929932
23957.890625,46.235374,7166.680176,1543.869995,2643.689941
23533.199219,45.444271,6992.669922,1510.079956,2588.26001
24202.599609,45.801098,7220.540039,1543.719971,2658.550049
23857.710938,45.693489,7008.810059,1513.569946,2612.620117
23848.419922,45.047855,6949.22998,1513.030029,2605
23644.189453,44.754383,6870.120117,1492.530029,2581.879883
24033.359375,45.605446,6941.279785,1512.150024,2614.449951
24264.300781,46.388027,7042.109863,1531.660034,2644.689941
24505.220703,46.838028,7076.549805,1542.930054,2662.840088
23932.759766,46.808678,6915.109863,1513.300049,2604.469971
23979.099609,46.945641,6950.339844,1514.459961,2613.159912
24408,47.229317,7094.299805,1543.430054,2656.870117
24189.449219,47.424969,7069.029785,1546.800049,2642.189941
24483.050781,47.669533,7140.25,1557.329956,2663.98999
24360.140625,47.659752,7106.649902,1549.51001,2656.300049
24573.039063,47.31736,7156.279785,1563.030029,2677.840088
24786.630859,47.777138,7281.100098,1579.800049,2706.389893
24748.070313,47.982567,7295.240234,1583.560059,2708.639893
24664.890625,47.610836,7238.060059,1573.819946,2693.129883
24462.939453,47.31736,7146.129883,1564.119995,2670.139893
24448.689453,47.356491,7128.600098,1562.119995,2670.290039
24024.130859,46.965195,7007.350098,1553.280029,2634.560059
24083.830078,46.965195,7003.740234,1550.469971,2639.399902
24322.339844,47.198341,7118.680176,1557.890015,2666.939941
24311.189453,47.198341,7119.799805,1556.23999,2669.909912
24163.150391,47.257046,7066.27002,1541.880005,2648.050049
23924.980469,46.777622,7100.899902,1554.910034,2635.669922
23930.150391,46.112312,7088.149902,1546.560059,2629.72998
24262.509766,46.014462,7209.620117,1565.599976,2663.419922
24357.320313,45.525265,7265.209961,1578.949951,2672.629883
24360.210938,45.740509,7266.899902,1586.390015,2671.919922
24542.539063,45.368713,7339.910156,1596.050049,2697.790039
24739.529297,45.603535,7404.970215,1603.709961,2723.070068
24831.169922,45.789429,7402.879883,1606.790039,2727.719971
24899.410156,45.574184,7411.319824,1600.339966,2730.129883
24706.410156,45.319801,7351.629883,1600.339966,2711.449951
24768.929688,45.476345,7398.299805,1616.369995,2722.459961
24713.980469,44.879517,7382.470215,1625.290039,2720.129883
24715.089844,44.762108,7354.339844,1626.630005,2712.969971
25013.289063,44.409874,7394.040039,1637.439941,2733.01001
24834.410156,44.732754,7378.459961,1625.23999,2724.439941
24886.810547,44.899082,7425.959961,1627.609985,2733.290039
24811.759766,44.57621,7424.430176,1628.219971,2727.76001
24753.089844,44.263123,7433.850098,1626.930054,2721.330078
24361.449219,43.685856,7396.589844,1623.650024,2689.860107
24667.779297,43.927288,7462.450195,1647.98999,2724.01001
24415.839844,43.89785,7442.120117,1633.609985,2705.27002
24635.210938,44.202007,7554.330078,1647.97998,2734.620117
24813.689453,44.417873,7606.459961,1653.369995,2746.870117
24799.980469,44.300133,7637.859863,1664.630005,2748.800049
25146.390625,44.349194,7689.240234,1675.949951,2772.350098
25241.410156,44.800529,7635.069824,1667.77002,2770.370117
25316.529297,45.242058,7645.509766,1672.48999,2779.030029
25322.310547,45.605099,7659.930176,1674.680054,2782
25320.730469,45.958324,7703.790039,1682.300049,2786.850098
25201.199219,46.036816,7695.700195,1676.540039,2775.629883
25175.310547,46.478348,7761.040039,1684.719971,2782.48999
25090.480469,46.213425,7746.379883,1683.910034,2779.659912
24987.470703,45.987751,7747.029785,1692.459961,2773.75
24700.210938,45.820957,7725.589844,1693.449951,2762.590088
24657.800781,46.085873,7781.509766,1706.98999,2767.320068
24461.699219,45.801334,7712.950195,1688.949951,2749.76001
24580.890625,46.056442,7692.819824,1685.579956,2754.879883
24252.800781,46.076061,7532.009766,1657.51001,2717.070068
24283.109375,46.213425,7561.629883,1668.530029,2723.060059
24117.589844,45.968132,7445.080078,1640.449951,2699.629883
24216.050781,46.134933,7503.680176,1645.02002,2716.310059
24271.410156,47.000259,7510.299805,1643.069946,2718.370117
24307.179688,46.023556,7567.689941,1655.089966,2726.709961
24174.820313,46.418186,7502.669922,1660.420044,2713.219971
24356.740234,47.88818,7586.430176,1679.47998,2736.610107
24456.480469,48.312405,7688.390137,1694.050049,2759.820068
24776.589844,48.549175,7756.200195,1704.599976,2784.169922
24919.660156,48.312405,7759.200195,1695.619995,2793.840088
24700.449219,48.351868,7716.609863,1683.660034,2774.02002
24924.890625,48.115082,7823.919922,1690.280029,2798.290039
25019.410156,47.819118,7825.97998,1687.079956,2801.310059
25064.359375,47.828976,7805.720215,1678.540039,2798.429932
25119.890625,48.115082,7855.120117,1687.26001,2809.550049
25199.289063,48.361725,7854.439941,1691.869995,2815.620117
25064.5,48.105217,7825.299805,1701.310059,2804.48999
25058.119141,48.282803,7820.200195,1696.810059,2801.830078
25044.289063,48.233475,7841.870117,1698.410034,2806.97998
25241.939453,48.855019,7840.77002,1680.199951,2820.399902
25414.099609,48.943806,7932.240234,1685.199951,2846.070068
25527.070313,48.795822,7852.180176,1695.359985,2837.439941
25451.060547,49.052692,7737.419922,1663.339966,2818.820068
25306.830078,49.082348,7630,1653.130005,2802.600098
25415.189453,49.042801,7671.790039,1670.800049,2816.290039
25333.820313,48.785721,7707.290039,1669.26001,2813.360107
25326.160156,48.429768,7802.689941,1682.099976,2827.219971
25462.580078,48.686848,7812.009766,1673.369995,2840.350098
25502.179688,48.667076,7859.680176,1684.310059,2850.399902
25628.910156,49.299885,7883.660156,1688.300049,2858.449951
25583.75,49.270222,7888.330078,1686.880005,2857.699951
25509.230469,48.637402,7891.779785,1690.890015,2853.580078
25313.140625,47.757404,7839.109863,1686.800049,2833.280029
25187.699219,48.143024,7819.709961,1675.319946,2821.929932
25299.919922,48.459427,7870.890137,1692.579956,2839.959961
25162.410156,47.935383,7774.120117,1670.670044,2818.370117
25558.730469,47.45089,7806.52002,1685.75,2840.689941
25669.320313,47.717854,7816.330078,1692.949951,2850.129883
25758.689453,48.192467,7821.009766,1698.689941,2857.050049
25822.289063,48.785721,7859.169922,1718.050049,2862.959961
25733.599609,49.309769,7889.100098,1722.540039,2861.820068
25656.980469,49.191116,7878.459961,1717.050049,2856.97998
25790.349609,49.082348,7945.97998,1725.670044,2874.689941
26049.640625,49.863476,8017.899902,1728.410034,2896.73999
26064.019531,49.487751,8030.040039,1728.420044,2897.52002
26124.570313,49.656727,8109.689941,1734.75,2914.040039
25986.919922,49.142143,8088.359863,1732.349976,2901.129883
25964.820313,49.003605,8109.540039,1740.75,2901.52002
25952.480469,48.399963,8091.25,1733.380005,2896.719971
25974.990234,48.103092,7995.169922,1727.650024,2888.600098
25995.869141,48.22184,7922.72998,1714.469971,2878.050049
25916.539063,48.439548,7902.540039,1713.180054,2871.679932
25857.070313,48.281216,7924.160156,1717.469971,2877.129883
25971.060547,48.380173,7972.470215,1718.400024,2887.889893
25998.919922,48.73642,7954.22998,1715.699951,2888.919922
26145.990234,49.181725,8013.709961,1714.319946,2904.179932
26154.669922,49.102558,8010.040039,1721.719971,2904.97998
26062.119141,48.884857,7895.790039,1703.550049,2888.800049
26246.960938,49.122345,7956.109863,1710.969971,2904.310059
26405.759766,49.082767,7950.040039,1702.930054,2907.949951
26656.980469,48.993706,8028.22998,1720.180054,2930.75
26743.5,48.746311,7986.959961,1712.319946,2929.669922
26562.050781,48.825481,7993.25,1705.319946,2919.370117
26492.210938,49.112457,8007.470215,1708.810059,2915.560059
26385.279297,49.078739,7990.370117,1691.609985,2905.969971
26439.929688,49.088642,8041.970215,1690.530029,2914
26458.310547,48.959827,8046.350098,1696.569946,2913.97998
26651.210938,49.286823,8037.299805,1672.98999,2924.590088
26773.939453,48.870647,7999.549805,1656.040039,2923.429932
26828.390625,48.504021,8025.089844,1671.290039,2925.51001
26627.480469,48.186932,7879.509766,1646.910034,2901.610107
26447.050781,47.572582,7788.450195,1632.109985,2885.570068
26486.779297,47.562679,7735.950195,1629.52002,2884.429932
26430.570313,47.978848,7738.02002,1621.869995,2880.340088
25598.740234,47.632034,7422.049805,1575.410034,2785.679932
25052.830078,47.06723,7329.060059,1545.380005,2728.370117
25339.990234,46.938416,7496.890137,1546.680054,2767.129883
25250.550781,47.24559,7430.740234,1553.089966,2750.790039
25798.419922,47.651859,7645.490234,1596.839966,2809.919922
25706.679688,47.394226,7642.700195,1589.599976,2809.209961
25379.449219,46.542072,7485.140137,1560.75,2768.780029
25444.339844,46.898796,7449.029785,1542.040039,2767.780029
25317.410156,46.492523,7468.629883,1539.5,2755.879883
25191.429688,45.967354,7437.540039,1526.589966,2740.689941
24583.419922,45.471912,7108.399902,1468.699951,2656.100098
24984.550781,45.75927,7318.339844,1500.400024,2705.570068
24688.310547,45.353008,7167.209961,1483.819946,2658.689941
24442.919922,43.420773,7050.290039,1477.310059,2641.25
24874.640625,43.113594,7161.649902,1506.640015,2682.629883
25115.759766,43.460407,7305.899902,1511.410034,2711.73999
25380.740234,44.96656,7434.060059,1544.97998,2740.370117
25461.699219,46.393436,7328.850098,1547.51001,2738.310059
25635.009766,45.907906,7375.959961,1556.099976,2755.449951
26180.300781,46.452896,7570.75,1582.160034,2813.889893
26191.220703,43.896397,7530.879883,1578.209961,2806.830078
25989.300781,43.936035,7406.899902,1549.48999,2781.01001
25387.179688,42.974869,7200.870117,1518.790039,2726.219971
25286.490234,42.112797,7200.870117,1514.800049,2722.179932
25080.5,42.043438,7136.390137,1502.51001,2701.580078
25289.269531,41.112003,7259.029785,1524.119995,2730.199951
25413.220703,42.003803,7247.870117,1527.530029,2736.27002
24465.640625,41.498451,6908.819824,1469.01001,2641.889893
24464.689453,41.280453,6972.25,1488.280029,2649.929932
24285.949219,40.903912,6938.97998,1488.680054,2632.560059
24640.240234,39.308578,7081.850098,1505.959961,2673.449951
24748.730469,39.645485,7082.700195,1492.859985,2682.169922
25366.429688,40.839478,7291.589844,1530.380005,2743.790039
25338.839844,41.744148,7273.080078,1525.390015,2737.800049
25538.460938,41.585083,7330.540039,1533.27002,2760.169922
25826.429688,41.873386,7441.509766,1548.959961,2790.370117
25027.070313,41.654675,7158.430176,1480.75,2700.060059
24947.669922,41.793854,7188.259766,1477.410034,2695.949951
24388.949219,41.734203,6969.25,1448.089966,2633.080078
24423.259766,41.187424,7020.52002,1443.099976,2637.719971
24370.240234,40.740055,7031.830078,1440.130005,2636.780029
24597.380859,41.366371,7070.330078,1432.699951,2650.540039
24100.509766,41.137718,6910.660156,1410.810059,2599.949951
23592.980469,40.233047,6753.72998,1378.140015,2545.939941
23675.640625,40.799709,6783.910156,1377.180054,2546.159912
23323.660156,41.257015,6636.830078,1349.22998,2506.959961
22859.599609,41.55526,6528.410156,1326,2467.419922
22445.369141,41.346485,6332.990234,1292.089966,2416.620117
21792.199219,41.227192,6192.919922,1266.920044,2351.100098
22878.449219,41.4459,6554.359863,1329.810059,2467.699951
23138.820313,41.240917,6579.490234,1331.819946,2488.830078
23062.400391,41.310665,6584.52002,1337.920044,2485.73999
23327.460938,41.410309,6635.279785,1348.560059,2506.850098
23346.240234,42.077888,6665.939941,1355.910034,2510.030029
22686.220703,41.878609,6463.5,1330.829956,2447.889893
23433.160156,42.24728,6738.859863,1380.75,2531.939941
23531.349609,42.645836,6823.470215,1405.369995,2549.689941
23787.449219,43.393135,6897,1426.550049,2574.409912
23879.119141,43.452923,6957.080078,1438.810059,2584.959961
24001.919922,43.462883,6986.069824,1445.430054,2596.639893
23995.949219,43.393135,6971.47998,1447.380005,2596.26001
23909.839844,43.203819,6905.919922,1432.810059,2582.610107
24065.589844,43.403103,7023.830078,1445.219971,2610.300049
24207.160156,43.632271,7034.689941,1454.699951,2616.100098
24370.099609,43.741879,7084.459961,1467.25,2635.959961
24706.349609,44.040798,7157.22998,1482.5,2670.709961
24404.480469,43.562527,7020.359863,1457.449951,2632.899902
24575.619141,43.472847,7025.77002,1454.26001,2638.699951
24553.240234,43.393135,7073.459961,1464.410034,2642.330078
24737.199219,43.442955,7164.859863,1482.849976,2664.76001
24528.220703,43.452923,7085.680176,1473.540039,2643.850098
24579.960938,43.517738,7028.290039,1471.449951,2640
25014.859375,43.418037,7183.080078,1486.939941,2681.050049
24999.669922,43.816826,7281.740234,1499.420044,2704.100098
25063.890625,43.597492,7263.870117,1502.050049,2706.530029
25411.519531,44.175735,7402.080078,1520.22998,2737.699951
25390.300781,43.67725,7375.279785,1518.02002,2731.610107
25169.529297,43.477859,7288.350098,1505.630005,2706.050049
25106.330078,43.019249,7298.200195,1506.390015,2707.879883
25053.109375,43.128918,7307.899902,1518.97998,2709.800049
25425.759766,42.929523,7414.620117,1538.22998,2744.72998
25543.269531,42.131947,7420.379883,1542.939941,2753.030029
25439.390625,42.570614,7426.950195,1545.109985,2745.72998
25883.25,42.779976,7472.410156,1569.25,2775.600098
25891.320313,42.760036,7486.77002,1574.469971,2779.76001
25954.439453,42.989342,7489.069824,1581.660034,2784.699951
25850.630859,43.368187,7459.709961,1575.550049,2774.879883
26031.810547,43.53767,7527.540039,1590.060059,2792.669922
26091.949219,43.557613,7554.459961,1588.810059,2796.110107
26057.980469,43.527702,7549.299805,1577.47998,2793.899902
25985.160156,43.188732,7554.509766,1581.050049,2792.379883
25916,42.760036,7532.529785,1575.550049,2784.48999
26026.320313,42.500824,7595.350098,1589.640015,2803.689941
25819.650391,42.361248,7577.569824,1575.439941,2792.810059
25806.630859,42.072128,7576.359863,1568.280029,2789.649902
25673.460938,41.812916,7505.919922,1536.819946,2771.449951
25473.230469,41.593582,7421.459961,1523.630005,2748.929932
25450.240234,41.553703,7408.140137,1521.880005,2743.070068
25650.880859,41.832855,7558.060059,1548.880005,2783.300049
25554.660156,41.703251,7591.029785,1549.829956,2791.52002
25702.890625,41.862766,7643.410156,1555.880005,2810.919922
25709.939453,41.713219,7630.910156,1549.640015,2808.47998
25848.869141,42.151882,7688.529785,1553.540039,2822.47998
25887.380859,42.341312,7723.950195,1554.98999,2832.570068
25745.669922,43.039188,7728.970215,1543.160034,2824.22998
25962.509766,43.188732,7838.959961,1562.410034,2854.879883
25502.320313,42.211704,7642.669922,1505.920044,2800.709961
25516.830078,42.660339,7637.540039,1512.859985,2798.360107
25657.730469,42.779976,7691.52002,1528.170044,2818.459961
25625.589844,42.885498,7643.379883,1522.22998,2805.370117
25717.460938,42.875504,7669.169922,1535.099976,2815.439941
25928.679688,43.205166,7729.319824,1539.73999,2834.399902
26258.419922,43.594761,7828.910156,1556.060059,2867.189941
26179.130859,43.275093,7848.689941,1553.319946,2867.23999
26218.130859,43.265106,7895.549805,1560.910034,2873.399902
26384.630859,43.87447,7891.779785,1567.48999,2879.389893
26424.990234,44.943363,7938.689941,1582.560059,2892.73999
26341.019531,45.392895,7953.879883,1579,2895.77002
26150.580078,45.103195,7909.279785,1559.680054,2878.199951
26157.160156,44.843464,7964.240234,1581.550049,2888.209961
26143.050781,44.583736,7947.359863,1579.140015,2888.320068
26412.300781,44.683632,7984.160156,1584.800049,2907.409912
26384.769531,44.563755,7976.009766,1579.170044,2905.580078
26452.660156,44.943363,8000.22998,1582.790039,2907.060059
26449.539063,45.422867,7996.080078,1567.599976,2900.449951
26511.050781,45.35294,8015.27002,1560.040039,2907.969971
26656.390625,45.173122,8120.819824,1585.089966,2933.679932
26597.050781,45.033272,8102.009766,1588.130005,2927.25
26462.080078,45.023277,8118.680176,1575.609985,2926.169922
26543.330078,44.98,8146.399902,1589.900024,2939.879883
26554.390625,44.950001,8161.850098,1598.359985,2943.030029
26592.910156,44.650002,8095.390137,1591.209961,2945.830078
26307.789063,44.360001,8036.77002,1582.650024,2917.52002
26504.949219,44.330002,8164,1614.02002,2945.639893
26438.480469,44.23,8123.290039,1614.97998,2932.469971
25965.089844,43.709999,7963.759766,1582.310059,2884.050049
25967.330078,43.509998,7943.319824,1574.969971,2879.419922
25828.359375,43.259998,7910.589844,1570.060059,2870.719971
25942.369141,43.540001,7916.939941,1572.98999,2881.399902
25324.990234,43.259998,7647.02002,1523,2811.870117
25532.050781,43.540001,7734.490234,1543.060059,2834.409912
25648.019531,43.509998,7822.149902,1548.27002,2850.959961
25862.679688,43.57,7898.049805,1557.23999,2876.320068
